Workbook

Sheet Risk Assessment 風險評估
A1: Machine risk assessment · 機械風險評估 — Logistics application — cylinder shelf (R1 IRB 6700, L-fork) → picking loop → 3D vision picking (R2 / R3 IRB 1300) → item belt + bar-code arch → sortation into order cases (S1 / S2 IRB 930) on an 8-lane put wall; restock loop through the west port
A2: ISO 12100:2010 · Doc RA-LOG-01 · RevA · Assessed by [NAME] · Date [DATE] · Yellow cells = inputs to check (Severity / Probability); risk levels are formulas from the Method sheet. · 黃色儲存格為待確認輸入（嚴重度／可能性）；風險等級由「Method」工作表公式查表。
A4: ID | B4: Phase · zone (EN) | C4: 階段 · 區域（繁中） | D4: Hazard (EN) | E4: 危害（繁中） | F4: Initial S 初始嚴重度 | G4: Initial P 初始可能性 | H4: Initial risk 初始風險 | I4: Risk reduction measures (EN) · 1 inherent · 2 safeguarding · 3 information | J4: 風險降低措施（繁中）· 1 本質安全設計 · 2 安全防護 · 3 使用資訊 | K4: Safety function 安全功能 | L4: PLr | M4: PL achieved 達成 PL | N4: Residual S 殘餘嚴重度 | O4: Residual P 殘餘可能性 | P4: Residual risk 殘餘風險 | Q4: Standards 標準
A5: H1 | B5: Automatic operation · R1 IRB 6700 inside the cylinder shelf (L-fork, bin ≤ 20 kg) | C5: 自動運轉 · 圓筒料架內之 R1 IRB 6700（L 形貨叉，料箱 ≤ 20 kg） | D5: Mechanical · impact / crushing by R1 (TCP 2.5 m/s, fork 45 kg + bin) against the shelf, the conveyor heads in the east / west ports and the pedestal · a person in the ring (maintenance passage north, ports) · fatal injury | E5: 機械性 · R1（TCP 2.5 m/s，貨叉 45 kg＋料箱）於料架、東／西埠輸送頭與基座間撞擊／夾壓 · 人員位於圓環內（北側維修通道、埠口）· 致命傷害 | F5: Catastrophic 災難性 | G5: Likely 可能 | H5: =IFERROR(INDEX('Method 方法'!$B$6:$E$9,MATCH(F5,'Method 方法'!$A$6:$A$9,0),MATCH(G5,'Method 方法'!$B$5:$E$5,0)),"?") | I5: 1 The whole system is one guarded zone (fence H2000 round the cylinder, the loops, the picking and the sortation area); guard-locked doors north (in line with the cylinder passage) and south (SF3); the shelf itself is no guard. 2 Guard stop cat. 1 (SF1) on any door / scanner field; two OS32C on the R1 pedestal watch the ring interior (restart prevention, SF4). 3 SafeMove (SF2): R1 Safe Zone = ring interior + the four port heads, tool speed 2.5 m/s automatic / 250 mm/s T1; the fork reaches into the shelf only in front of the served column (verified 0 shelf contacts over 4 × 1 h, arm ≥ 0.02 m inside the shelf face outside the served column). | J5: 1 整個系統為單一防護區（H2000 圍籬包圍圓筒、輸送迴路、揀貨與分揀區）；北側（與圓筒通道對齊）與南側門具防護鎖（SF3）；料架本身不作為防護。 2 任一門／掃描器防護區觸發時防護停止 cat. 1（SF1）；R1 基座上兩台 OS32C 監視圓環內部（防止重啟，SF4）。 3 SafeMove（SF2）：R1 Safe Zone = 圓環內部＋四個埠口輸送頭，自動時工具速度 2.5 m/s／T1 250 mm/s；貨叉僅於服務中之欄位前方伸入料架（4 × 1 h 驗證料架接觸 0 次，服務欄位以外手臂距料架面 ≥ 0.02 m）。 | K5: SF1 guard stop 防護停止; SF2 SafeMove; SF4 restart prevention 防止重啟 | L5: d | M5: d | N5: Catastrophic 災難性 | O5: Remote 極少 | P5: =IFERROR(INDEX('Method 方法'!$B$6:$E$9,MATCH(N5,'Method 方法'!$A$6:$A$9,0),MATCH(O5,'Method 方法'!$B$5:$E$5,0)),"?") | Q5: ISO 10218-2, ISO 13849-1, ISO 14119, ISO 13855
A6: H2 | B6: Automatic operation · R2 / R3 IRB 1300 (picking) + S1 / S2 IRB 930 (sortation) | C6: 自動運轉 · R2／R3 IRB 1300（揀貨）＋S1／S2 IRB 930（分揀） | D6: Mechanical · impact / crushing by R2 / R3 (2.2 m/s) between the picking loop, the camera gantries and the item belt, and by S1 / S2 (2.5 m/s, links at 1.3–1.7 m) between the belt, the put-wall hoods and the bar-code arch · fractures, head injury | E6: 機械性 · R2／R3（2.2 m/s）於揀貨迴路、相機門架與物品輸送帶間，S1／S2（2.5 m/s，連桿高 1.3–1.7 m）於輸送帶、放置牆罩與條碼門架間撞擊／夾壓 · 骨折、頭部傷害 | F6: Serious 嚴重 | G6: Likely 可能 | H6: =IFERROR(INDEX('Method 方法'!$B$6:$E$9,MATCH(F6,'Method 方法'!$A$6:$A$9,0),MATCH(G6,'Method 方法'!$B$5:$E$5,0)),"?") | I6: 1 Same guarded zone, doors and guard stop as H1 (SF1, SF3); no access in automatic. 2 SafeMove Safe Zones per robot (SF2), tool speed supervision; R2 / R3 swing between bin and belt round the west side of their base (no path over the base), S1 / S2 arcs ≤ 0.62 m from the base. 3 Verified over 4 × 1 h: robot ↔ robot ≥ 0.25 m (capsules, every pair), robot ↔ fixed equipment ≥ 0.058 m (S1 link 2 ↔ put-wall hood), tools ≥ 0.40 m inside the fence except the sorter cup over its lane head. | J6: 1 與 H1 相同之防護區、門與防護停止（SF1、SF3）；自動運轉時無法進入。 2 每台機器人 SafeMove Safe Zone（SF2）、工具速度監視；R2／R3 於料箱與輸送帶間經基座西側迴轉（路徑不越過基座），S1／S2 弧線半徑 ≤ 0.62 m。 3 4 × 1 h 驗證：機器人間 ≥ 0.25 m（膠囊體，所有配對），機器人與固定設備 ≥ 0.058 m（S1 連桿 2 ↔ 放置牆罩），除分揀吸盤位於其通道端外工具距圍籬 ≥ 0.40 m。 | K6: SF1 guard stop 防護停止; SF2 SafeMove | L6: d | M6: d | N6: Serious 嚴重 | O6: Remote 極少 | P6: =IFERROR(INDEX('Method 方法'!$B$6:$E$9,MATCH(N6,'Method 方法'!$A$6:$A$9,0),MATCH(O6,'Method 方法'!$B$5:$E$5,0)),"?") | Q6: ISO 10218-2, ISO 13849-1, ISO 13855
A7: H3 | B7: Entry into the cylinder (north passage) · bin jams, shelf / R1 maintenance | C7: 進入圓筒（北側通道）· 料箱卡料、料架／R1 維修 | D7: A person inside the ring is hidden from outside by the full shelf (3.75 m); restart of R1 by a second person while someone is in the ring; trapping between the fork and the shelf face (0.15 m gap) · fatal | E7: 圓環內人員被滿載料架（3.75 m）遮蔽而外部看不到；他人於有人在圓環內時重啟 R1；於貨叉與料架面間（0.15 m 間隙）受困 · 致命 | F7: Catastrophic 災難性 | G7: Unlikely 不太可能 | H7: =IFERROR(INDEX('Method 方法'!$B$6:$E$9,MATCH(F7,'Method 方法'!$A$6:$A$9,0),MATCH(G7,'Method 方法'!$B$5:$E$5,0)),"?") | I7: 1 Entry only through the guard-locked north door with all robots in SafeMove Stand Still and the drives STO (SF3); personal padlock at the door handle (lockout per person, ISO 14118). 2 Reset only at the HMI outside and refused while either pedestal scanner (ring interior) or any field is occupied (SF4); no reset button inside the fence. 3 The ring passage (0.96 m, columns 7–8 left out) is the only way in — no climbing through the ports (conveyors, hood + curtain at the restock tunnel). | J7: 1 僅能於所有機器人 SafeMove Stand Still 且驅動 STO 時經防護鎖北門進入（SF3）；門把設個人掛鎖（每人上鎖，ISO 14118）。 2 僅能於外部 HMI 復歸，任一基座掃描器（圓環內部）或任一防護區有人時拒絕（SF4）；圍籬內無復歸按鈕。 3 圓環通道（0.96 m，留空第 7–8 欄）為唯一入口 — 不得經埠口攀入（輸送機、補貨隧道之罩與光幕）。 | K7: SF3 guard locking 防護鎖; SF4 restart prevention 防止重啟 | L7: d | M7: d | N7: Catastrophic 災難性 | O7: Remote 極少 | P7: =IFERROR(INDEX('Method 方法'!$B$6:$E$9,MATCH(N7,'Method 方法'!$A$6:$A$9,0),MATCH(O7,'Method 方法'!$B$5:$E$5,0)),"?") | Q7: ISO 14118, ISO 14119, ISO 13849-1, IEC 61496-3
A8: H4 | B8: Bins on the fork and in the shelf · falling objects | C8: 貨叉上與料架中之料箱 · 物體掉落 | D8: A bin (≤ 20 kg) or cartons falling from the fork or from a shelf level (up to 3.17 m) on a fork misalignment, an E-stop during transfer or a bin pushed over the back stop · head / foot injury | E8: 料箱（≤ 20 kg）或紙箱於貨叉偏位、搬移中緊急停止或料箱被推越後擋時由貨叉或料架層（最高 3.17 m）掉落 · 頭部／足部傷害 | F8: Serious 嚴重 | G8: Unlikely 不太可能 | H8: =IFERROR(INDEX('Method 方法'!$B$6:$E$9,MATCH(F8,'Method 方法'!$A$6:$A$9,0),MATCH(G8,'Method 方法'!$B$5:$E$5,0)),"?") | I8: 1 Fork with back rest and bin-present sensor; bins lifted 15 mm off the rails, in / out of a slot at ≤ 1.4 m/s, lowered at 0.3 m/s; back stops at r 2.62 m on every slot. 2 Nobody in or under the shelf in automatic (H1, H3); hard hat and safety shoes for ring entries; bins with a jam are cleared with the fork parked. 3 Shelf rails and stops inspected with the shelf (H5). | J8: 1 貨叉具後擋與料箱檢知感測器；料箱離軌抬升 15 mm，進出料位 ≤ 1.4 m/s、下放 0.3 m/s；每一料位於 r 2.62 m 設後擋。 2 自動運轉時無人在料架內或下方（H1、H3）；進入圓環時戴安全帽與安全鞋；卡料料箱於貨叉停放後清除。 3 料架軌道與擋塊隨料架檢查（H5）。 | K8: — | L8: — | M8: — | N8: Serious 嚴重 | O8: Remote 極少 | P8: =IFERROR(INDEX('Method 方法'!$B$6:$E$9,MATCH(N8,'Method 方法'!$A$6:$A$9,0),MATCH(O8,'Method 方法'!$B$5:$E$5,0)),"?") | Q8: ISO 12100, EN 15512, EN 15635
A9: H5 | B9: Cylinder shelf structure · stability | C9: 圓筒料架結構 · 穩定性 | D9: Collapse or tipping of the 3.75 m ring (144 slots × ≤ 20 kg ≈ 2.9 t) under eccentric load, a fork collision or a seismic event · fatal | E9: 3.75 m 圓環（144 料位 × ≤ 20 kg ≈ 2.9 t）於偏心載重、貨叉碰撞或地震時倒塌或傾倒 · 致命 | F9: Catastrophic 災難性 | G9: Unlikely 不太可能 | H9: =IFERROR(INDEX('Method 方法'!$B$6:$E$9,MATCH(F9,'Method 方法'!$A$6:$A$9,0),MATCH(G9,'Method 方法'!$B$5:$E$5,0)),"?") | I9: 1 Shelf designed and anchored as a static steel storage system (EN 15512 / EN 15620 tolerances, floor anchors per column, top ring beam and X bracing on the outer face); load sign per level. 2 Fork collision prevented by SafeMove zones and the verified paths (H1); after any collision the shelf is inspected before restart (EN 15635, annual expert inspection). 3 Seismic design per site. | J9: 1 料架依靜態鋼製儲存系統設計並錨定（EN 15512／EN 15620 公差、每柱地錨、頂部環樑與外側交叉斜撐）；每層標示載重。 2 以 SafeMove 區域與已驗證路徑防止貨叉碰撞（H1）；任何碰撞後於重啟前檢查料架（EN 15635，每年專家檢查）。 3 依現場進行耐震設計。 | K9: — | L9: — | M9: — | N9: Catastrophic 災難性 | O9: Remote 極少 | P9: =IFERROR(INDEX('Method 方法'!$B$6:$E$9,MATCH(N9,'Method 方法'!$A$6:$A$9,0),MATCH(O9,'Method 方法'!$B$5:$E$5,0)),"?") | Q9: EN 15512, EN 15620, EN 15635
A10: H6 | B10: Restock tunnel (west port) · empty bins out, refilled bins in | C10: 補貨隧道（西埠）· 空料箱送出、補滿料箱送入 | D10: A person reaching or crawling through the 1.3 × 1.1 m tunnel mouth along the conveyors to the R1 head (fork 1.85 m inside); in-running nips at the rollers and the right-angle transfer at the operator stop · fatal / crushing of hands | E10: 人員經 1.3 × 1.1 m 隧道口沿輸送機伸手或爬入至 R1 輸送頭（貨叉在內 1.85 m）；操作員停止位之滾輪與直角移載捲入點 · 致命／手部夾壓 | F10: Catastrophic 災難性 | G10: Unlikely 不太可能 | H10: =IFERROR(INDEX('Method 方法'!$B$6:$E$9,MATCH(F10,'Method 方法'!$A$6:$A$9,0),MATCH(G10,'Method 方法'!$B$5:$E$5,0)),"?") | I10: 1 Fixed hood over the tunnel (roof 1.12 m) with skirts to the floor; multi-beam curtain F3SG-PG at the tunnel mouth (SF6): S = 1730 mm required (ISO 13855, T = 0.55 s), 1850 mm available to the fork. 2 Muting only while a bin crosses the curtain (two bin sensors, ≤ 4 s, muting lamp); interruption without a bin → R1 cat. 1 stop + loop STO, reset outside. 3 Operator stop and RAT outside the fence with roller nip guards; the operator refills the bin in place (no lifting) and releases it with a push-button. | J10: 1 隧道上方固定罩（頂 1.12 m）並設至地面之側裙；隧道口設多光束光幕 F3SG-PG（SF6）：所需 S = 1730 mm（ISO 13855，T = 0.55 s），至貨叉可用 1850 mm。 2 僅於料箱通過光幕時遮蔽（兩個料箱感測器、≤ 4 s、遮蔽指示燈）；無料箱時遮斷 → R1 cat. 1 停止＋迴路 STO，於外部復歸。 3 操作員停止位與直角移載位於圍籬外並設滾輪捲入防護；操作員於原位補貨（不需搬抬），以按鈕放行。 | K10: SF6 restock curtain + muting 補貨光幕＋遮蔽 | L10: d | M10: d | N10: Serious 嚴重 | O10: Remote 極少 | P10: =IFERROR(INDEX('Method 方法'!$B$6:$E$9,MATCH(N10,'Method 方法'!$A$6:$A$9,0),MATCH(O10,'Method 方法'!$B$5:$E$5,0)),"?") | Q10: ISO 13855, IEC 61496-2, IEC 62046, ISO 13857
A11: H7 | B11: Put wall (north) · order cases in and out through 8 lane tunnels | C11: 放置牆（北側）· 訂單箱經 8 條通道隧道進出 | D11: A hand reaching through a lane mouth (0.37 × 0.30 m) to the case at the robot end while S1 / S2 puts a carton (cup 0.97 m inside the curtain); finger trapping in the powered roller lane · fractures, amputation | E11: 手經通道口（0.37 × 0.30 m）伸至機器人端之訂單箱，同時 S1／S2 放入紙箱（吸盤距光幕 0.97 m）；動力滾輪通道夾手指 · 骨折、截斷 | F11: Serious 嚴重 | G11: Likely 可能 | H11: =IFERROR(INDEX('Method 方法'!$B$6:$E$9,MATCH(F11,'Method 方法'!$A$6:$A$9,0),MATCH(G11,'Method 方法'!$B$5:$E$5,0)),"?") | I11: 1 Fixed hood over each block of 4 lanes (roof 0.92 m) with skirts; one 30 mm (hand-detection) curtain per block at the tunnel mouth (SF7): S = 528 mm required (ISO 13855, T = 0.25 s), 970 mm available — a multi-beam curtain (1250 mm) would not fit. 2 Muted only while a lane of that block moves a case; a lane moves only with the sorter tool out of the lane zone (verified 0 lane moves under a sorter). 3 Low-torque MDR rollers with nip guards; the operator takes / sets the case only at the outer stop. | J11: 1 每 4 條通道設固定罩（頂 0.92 m）與側裙；每組於隧道口設 30 mm（手部檢知）光幕（SF7）：所需 S = 528 mm（ISO 13855，T = 0.25 s），可用 970 mm — 多光束光幕（1250 mm）無法容納。 2 僅於該組某通道移動訂單箱時遮蔽；通道僅於分揀工具離開通道區時移動（驗證分揀機器人下方通道移動 0 次）。 3 低扭力 MDR 滾輪並設捲入防護；操作員僅於外側停止位取放訂單箱。 | K11: SF7 put-wall curtains + lane interlock 放置牆光幕＋通道互鎖 | L11: d | M11: d | N11: Serious 嚴重 | O11: Remote 極少 | P11: =IFERROR(INDEX('Method 方法'!$B$6:$E$9,MATCH(N11,'Method 方法'!$A$6:$A$9,0),MATCH(O11,'Method 方法'!$B$5:$E$5,0)),"?") | Q11: ISO 13855, IEC 61496-2, ISO 13857, ISO 14120
A12: H8 | B12: Picking loop · zone conveyors, bin stops, right-angle transfer | C12: 揀貨迴路 · 區段輸送機、料箱停止器、直角移載 | D12: Crushing of hands between a bin and a stopper / RAT, in-running nips at rollers and chains when a jam is cleared; a bin moving while a gripper is in it | E12: 清除卡料時手於料箱與停止器／直角移載間夾壓、滾輪與鏈條捲入；夾爪在料箱內時料箱移動 | F12: Serious 嚴重 | G12: Unlikely 不太可能 | H12: =IFERROR(INDEX('Method 方法'!$B$6:$E$9,MATCH(F12,'Method 方法'!$A$6:$A$9,0),MATCH(G12,'Method 方法'!$B$5:$E$5,0)),"?") | I12: 1 Inside the guarded zone: all conveyor drives STO with the guard stop (SF1); jams cleared only through the locked doors. 2 A bin leaves a stop only after the gripper has left it and a bin passes a stop only when it is free (verified 0 bin moves under a gripper). 3 MDR zone conveyors (24 V, low torque), chain heads and RAT with nip guards. | J12: 1 位於防護區內：防護停止時所有輸送驅動 STO（SF1）；僅經鎖定之門清除卡料。 2 料箱僅於夾爪離開後離開停止位，且僅於停止位淨空時通過（驗證夾爪下方料箱移動 0 次）。 3 MDR 區段輸送（24 V、低扭力），鏈條輸送頭與直角移載設捲入防護。 | K12: SF1 guard stop 防護停止 | L12: d | M12: d | N12: Serious 嚴重 | O12: Remote 極少 | P12: =IFERROR(INDEX('Method 方法'!$B$6:$E$9,MATCH(N12,'Method 方法'!$A$6:$A$9,0),MATCH(O12,'Method 方法'!$B$5:$E$5,0)),"?") | Q12: ISO 14120, ISO 13857, EN 619
A13: H9 | B13: Item belt, bar-code arch, 3D cameras | C13: 物品輸送帶、條碼門架、3D 相機 | D13: In-running nips at the belt drums; reaching for a stuck carton at the arch; laser class of the bar-code reader and the structured-light 3D projectors (eyes) | E13: 輸送帶滾筒捲入點；於門架處伸手取卡住之紙箱；條碼讀取器雷射等級與結構光 3D 投影器（眼睛） | F13: Moderate 中度 | G13: Likely 可能 | H13: =IFERROR(INDEX('Method 方法'!$B$6:$E$9,MATCH(F13,'Method 方法'!$A$6:$A$9,0),MATCH(G13,'Method 方法'!$B$5:$E$5,0)),"?") | I13: 1 Inside the guarded zone, drum guards, belt STO with the guard stop; the belt holds while a gripper places or picks (verified 0 belt moves under a gripper). 2 Bar-code reader laser class 1 / 2, 3D projectors per IEC 62471 exempt / RG1, mounted above head height and facing down. | J13: 1 位於防護區內、滾筒防護、防護停止時輸送帶 STO；夾爪放置或取件時輸送帶保持（驗證夾爪下方輸送帶移動 0 次）。 2 條碼讀取器雷射等級 1／2，3D 投影器依 IEC 62471 屬豁免／RG1，安裝於頭部高度以上並朝下。 | K13: — | L13: — | M13: — | N13: Moderate 中度 | O13: Remote 極少 | P13: =IFERROR(INDEX('Method 方法'!$B$6:$E$9,MATCH(N13,'Method 方法'!$A$6:$A$9,0),MATCH(O13,'Method 方法'!$B$5:$E$5,0)),"?") | Q13: IEC 60825-1, IEC 62471, EN 619
A14: H10 | B14: Exception chute (east) · no-read cartons to the tote outside | C14: 例外滑槽（東側）· 無法讀取之紙箱送至外部料盒 | D14: Reaching through the chute mouth (0.34 × 0.30 m) to the belt end drum or S2; a full tote stopping the belt | E14: 經滑槽口（0.34 × 0.30 m）伸手至輸送帶尾滾筒或 S2；料盒滿載使輸送帶停止 | F14: Serious 嚴重 | G14: Unlikely 不太可能 | H14: =IFERROR(INDEX('Method 方法'!$B$6:$E$9,MATCH(F14,'Method 方法'!$A$6:$A$9,0),MATCH(G14,'Method 方法'!$B$5:$E$5,0)),"?") | I14: 1 Covered chute through a sealed panel in the east fence, mouth 0.9 m outside the fence: the belt-end drum ≥ 0.9 m and S2 ≥ 1.4 m from the mouth (ISO 13857 Table 4, ≥ 850 mm). 2 Tote-full sensor: the belt holds before the end (no carton left on the chute); the packing operator empties the tote (re-scan / restock), verified 26 exceptions per hour at 5 % no-read without a belt stop longer than 42 s. | J14: 1 經東側圍籬密封板之有蓋滑槽，出口距圍籬外 0.9 m：輸送帶尾滾筒距出口 ≥ 0.9 m，S2 ≥ 1.4 m（ISO 13857 表 4，≥ 850 mm）。 2 料盒滿載感測器：輸送帶於尾端前保持（滑槽上不留紙箱）；包裝作業員清空料盒（重新掃描／歸位），驗證無法讀取率 5 % 時每小時 26 件例外，輸送帶停止不超過 42 s。 | K14: — | L14: — | M14: — | N14: Moderate 中度 | O14: Remote 極少 | P14: =IFERROR(INDEX('Method 方法'!$B$6:$E$9,MATCH(N14,'Method 方法'!$A$6:$A$9,0),MATCH(O14,'Method 方法'!$B$5:$E$5,0)),"?") | Q14: ISO 13857, ISO 14120
A15: H11 | B15: Manual handling · restock, case exchange, exception tote | C15: 人工搬運 · 補貨、訂單箱更換、例外料盒 | D15: Repetitive handling of cartons (≤ 1.6 kg) into bins, full order cases (≤ 8 kg) to the packing cart, empty cases from the supply cart; awkward reach into the bin at the restock stop | E15: 重複將紙箱（≤ 1.6 kg）放入料箱、滿載訂單箱（≤ 8 kg）放上包裝推車、由供箱推車取空箱；於補貨停止位伸入料箱之不良姿勢 | F15: Moderate 中度 | G15: Likely 可能 | H15: =IFERROR(INDEX('Method 方法'!$B$6:$E$9,MATCH(F15,'Method 方法'!$A$6:$A$9,0),MATCH(G15,'Method 方法'!$B$5:$E$5,0)),"?") | I15: 1 Bins are never lifted: refilled in place at 0.75 m (stop height), released by push-button; stock pallet beside the stop. 2 Cases taken at the outer lane stop at 0.58–0.80 m, carts beside the walkway; packing operator 77–93 % busy at 194–245 orders / h — a second operator or a take-away conveyor above 240 cases / h. 3 Masses per ISO 11228-1 (cartons ≤ 1.6 kg, cases ≤ 8 kg); job rotation between restock and packing. | J15: 1 料箱不需搬抬：於停止位高度 0.75 m 原位補貨，以按鈕放行；庫存棧板置於停止位旁。 2 於通道外側停止位 0.58–0.80 m 取箱，推車位於走道旁；每小時 194–245 張訂單時包裝作業員稼動 77–93 % — 超過每小時 240 箱時增加一名作業員或出箱輸送機。 3 質量依 ISO 11228-1（紙箱 ≤ 1.6 kg、訂單箱 ≤ 8 kg）；補貨與包裝輪調。 | K15: — | L15: — | M15: — | N15: Moderate 中度 | O15: Unlikely 不太可能 | P15: =IFERROR(INDEX('Method 方法'!$B$6:$E$9,MATCH(N15,'Method 方法'!$A$6:$A$9,0),MATCH(O15,'Method 方法'!$B$5:$E$5,0)),"?") | Q15: ISO 11228-1, ISO 11228-3
A16: H12 | B16: Walkways outside the fence · operators, carts | C16: 圍籬外走道 · 作業員、推車 | D16: Slips / trips and collisions with carts on the walkways round the put wall, the restock station and the exception tote | E16: 於放置牆、補貨站與例外料盒周圍走道滑倒／絆倒、與推車碰撞 | F16: Moderate 中度 | G16: Unlikely 不太可能 | H16: =IFERROR(INDEX('Method 方法'!$B$6:$E$9,MATCH(F16,'Method 方法'!$A$6:$A$9,0),MATCH(G16,'Method 方法'!$B$5:$E$5,0)),"?") | I16: 1 Marked walkway 0.3–1.0 m outside the fence; carts and pallets in marked places beside it; operator body ≥ 0.22 m from every equipment footprint (verified 0 overlaps). 2 Housekeeping; no cables on the walkway floor (all floor bridges inside the fence). 1 Electrical installations in walkways and lanes: see H18. | J16: 1 於圍籬外 0.3–1.0 m 標示走道；推車與棧板置於其旁之標示位置；作業員身體距所有設備投影 ≥ 0.22 m（驗證重疊 0 次）。 2 整理整頓；走道地面無電纜（所有地面線槽位於圍籬內）。 1 走道與車道中之電氣設施：見 H18。 | K16: — | L16: — | M16: — | N16: Moderate 中度 | O16: Remote 極少 | P16: =IFERROR(INDEX('Method 方法'!$B$6:$E$9,MATCH(N16,'Method 方法'!$A$6:$A$9,0),MATCH(O16,'Method 方法'!$B$5:$E$5,0)),"?") | Q16: ISO 14122, ISO 7010
... A23: H19 | B23: Electrical cabinets · MCP, sub-cabinets, robot controllers (outside the fence) | C23: 電櫃 · MCP、子盤、機器人控制櫃（圍籬外） | D23: Electrical · shock, arc flash at the cabinets (400 V) | E23: 電氣 · 電櫃觸電、電弧（400 V） | F23: Serious 嚴重 | G23: Unlikely 不太可能 | H23: =IFERROR(INDEX('Method 方法'!$B$6:$E$9,MATCH(F23,'Method 方法'!$A$6:$A$9,0),MATCH(G23,'Method 方法'!$B$5:$E$5,0)),"?") | I23: 1 One main control panel (MCP: incoming supply, lockable main disconnect, line PLC + safety PLC, power distribution); every cabinet stands outside the guarded area (MCP, RC1 (OmniCore V250XT, R1) and SC1 (conveyor control) south of the cell, doors facing south; RC2 (4 × OmniCore C30, R2 / R3 / S1 / S2) north beside the cylinder passage, door facing north); IEC 60204-1 / IEC 61439 enclosures IP54 with door-interlocked main switches; field devices on 24 V via 9 junction boxes, set outside the fence wherever the cordsets reach (serviceable without entering a zone). 2 A clear service area in front of every cabinet door — depth ≥ max(1.0 m, door leaf + 0.5 m escape width), no fence, equipment, vehicle lane, door swing or other cabinet in it (IEC 60364-7-729; 4 / 4 clear in the layout); every cable between cabinets, junction boxes and robots on a supported tray (H17). 3 Qualified personnel only (EN 50110-1); LOTO at the main disconnect; warning labels; arc-flash PPE per the site assessment. | J23: 1 單一主控制盤（MCP：電源進線、可上鎖主開關、產線 PLC＋安全 PLC、配電）；所有電櫃皆位於防護區外（MCP、RC1（OmniCore V250XT，R1）與 SC1（輸送控制）位於工作站南側，櫃門朝南；RC2（4 × OmniCore C30，R2／R3／S1／S2）位於北側圓筒通道旁，櫃門朝北）；符合 IEC 60204-1／IEC 61439 之 IP54 櫃體，門連鎖主開關；現場元件經 9 個接線盒以 24 V 供電，接線盒於電纜可及處一律設於圍籬外（維修無需進入區域）。 2 每一櫃門前保留淨空維修區 — 深度 ≥ max(1.0 m, 門扇寬＋0.5 m 逃生寬度)，區內不得有圍籬、設備、車道、門扇迴轉範圍或其他電櫃（IEC 60364-7-729；佈局中 4 / 4 淨空）；電櫃、接線盒與機器人間所有電纜皆敷設於有支撐之線槽（H17）。 3 僅限合格人員（EN 50110-1）；主開關 LOTO；警示標籤；依現場評估穿戴電弧防護具。 | K23: — | L23: — | M23: — | N23: Serious 嚴重 | O23: Remote 極少 | P23: =IFERROR(INDEX('Method 方法'!$B$6:$E$9,MATCH(N23,'Method 方法'!$A$6:$A$9,0),MATCH(O23,'Method 方法'!$B$5:$E$5,0)),"?") | Q23: IEC 60204-1, IEC 61439-1 / -2, IEC 60364-7-729, EN 50110-1
A25: Summary · 總結
A26: Residual High 殘餘高風險 | D26: =COUNTIF($P$5:$P$23,"High*")
A27: Residual Medium 殘餘中風險 | D27: =COUNTIF($P$5:$P$23,"Medium*")
A28: Residual Low 殘餘低風險 | D28: =COUNTIF($P$5:$P$23,"Low*")
A29: Residual Negligible 殘餘可忽略 | D29: =COUNTIF($P$5:$P$23,"Negligible*")
A30: Release check 放行檢查 | D30: =IF(D26=0,"OK — no residual High · 無殘餘高風險","NOT OK — High risk remains · 仍有高風險")
A32: Assumptions to verify · 待驗證假設: Product, order profile and masses are assumptions (the video shows no data); robot speeds are programmed values (R1 2.5 m/s, R2 / R3 2.2 m/s, S1 / S2 2.5 m/s), not datasheet values; stopping times for ISO 13855 assumed (R1 0.5 s, IRB 930 0.2 s, curtain + logic 0.05 s) — to be replaced by ABB stopping-distance data; 3D image 0.45 s per pick, bar-code no-read 0.5 %, restock 35 s per bin, case exchange 14 s, conveyor 0.45 m/s, RAT 0.35 m/s, put-wall lanes 0.4 m/s. Electrical plan: 400 V 3-phase TN-S supply to the MCP; typical cabinet sizes (MCP 1200 × 600 × 2000, sub-cabinets 800 × 400 × 1200, IRC5 730 × 720 × 970 mm); typical cable diameters for the tray fill; no building steel assumed — every tray is floor-supported; M12 cordsets ≤ 10 m. · 產品、訂單結構與質量為假設（影片無資料）；機器人速度為程式設定值（R1 2.5 m/s、R2／R3 2.2 m/s、S1／S2 2.5 m/s），非型錄值；ISO 13855 停止時間為假設（R1 0.5 s、IRB 930 0.2 s、光幕＋邏輯 0.05 s）— 應以 ABB 停止距離資料取代；每次揀取 3D 拍攝 0.45 s、條碼無法讀取 0.5 %、每箱補貨 35 s、訂單箱更換 14 s、輸送 0.45 m/s、直角移載 0.35 m/s、放置牆通道 0.4 m/s。 電氣規劃：MCP 供電 400 V 三相 TN-S；電櫃尺寸取典型值（MCP 1200 × 600 × 2000、子盤 800 × 400 × 1200、IRC5 730 × 720 × 970 mm）；線槽填充以典型電纜外徑計；不假設建築鋼構 — 所有線槽皆落地支撐；M12 感測器電纜 ≤ 10 m。

Sheet Method 方法
A1: Risk estimation method · 風險評估方法 (ISO 12100:2010 §5.5, ISO/TR 14121-2 risk matrix)
A2: Edit the yellow cells only if your company matrix differs. The Risk Assessment sheet looks these up by formula. · 僅在貴公司矩陣不同時修改黃色儲存格；風險評估表以公式查表。
A4: Risk matrix · 風險矩陣
A5: Severity ↓ / Probability → · 嚴重度 ↓ / 發生可能性 → | B5: Very likely 非常可能 | C5: Likely 可能 | D5: Unlikely 不太可能 | E5: Remote 極少
A6: Catastrophic 災難性 | B6: High 高 | C6: High 高 | D6: High 高 | E6: Medium 中
A7: Serious 嚴重 | B7: High 高 | C7: High 高 | D7: Medium 中 | E7: Low 低
A8: Moderate 中度 | B8: High 高 | C8: Medium 中 | D8: Low 低 | E8: Negligible 可忽略
A9: Minor 輕微 | B9: Medium 中 | C9: Low 低 | D9: Negligible 可忽略 | E9: Negligible 可忽略
A11: Severity · 嚴重度
A12: Level 等級 | B12: Definition (EN) | C12: 定義（繁中）
A13: Catastrophic 災難性 | B13: Death or permanent disability | C13: 死亡或永久失能
A14: Serious 嚴重 | B14: Irreversible injury (amputation, fracture with lasting damage) | C14: 不可逆傷害（截肢、造成永久損傷之骨折）
A15: Moderate 中度 | B15: Reversible injury requiring medical treatment | C15: 可復原、需醫療處置之傷害
A16: Minor 輕微 | B16: First-aid injury | C16: 急救即可處理之輕傷
A18: Probability (exposure × hazardous-event probability × possibility of avoidance) · 發生可能性
A19: Level 等級 | B19: Definition (EN) | C19: 定義（繁中）
A20: Very likely 非常可能 | B20: Frequent exposure, event expected, avoidance scarcely possible | C20: 頻繁暴露、事件預期會發生、幾乎無法迴避
A21: Likely 可能 | B21: Regular exposure, event can occur, avoidance difficult | C21: 定期暴露、事件可能發生、難以迴避
A22: Unlikely 不太可能 | B22: Occasional exposure, event unlikely, avoidance possible | C22: 偶爾暴露、事件不太可能發生、可迴避
A23: Remote 極少 | B23: Rare exposure, event only with multiple failures, avoidance possible | C23: 極少暴露、須多重失效才發生、可迴避
A25: Acceptance · 接受準則
A26: Level 等級 | B26: Meaning (EN) | C26: 意義（繁中）
A27: High 高 | B27: Not acceptable — further risk reduction mandatory | C27: 不可接受 — 必須進一步降低風險
A28: Medium 中 | B28: Tolerable only with the listed measures implemented, verified and documented (ALARP) | C28: 僅在所列措施已實施、驗證並文件化時可容忍（ALARP）
A29: Low 低 | B29: Acceptable | C29: 可接受
A30: Negligible 可忽略 | B30: Acceptable, no action | C30: 可接受，無需措施
A32: PLr (ISO 13849-1 risk graph S · F · P). ISO 10218-2 default minimum for robot-cell safety functions: PL d, Category 3. · PLr 依 ISO 13849-1 風險圖；ISO 10218-2 對機器人工作站安全功能預設最低 PL d、Cat. 3。

Sheet Safety Functions 安全功能
A1: Safety functions (ISO 13849-1) · 安全功能
A3: SF | B3: Function (EN) | C3: 功能（繁中） | D3: Input → logic → output (EN) | E3: 輸入 → 邏輯 → 輸出（繁中） | F3: PLr | G3: PL achieved 達成 PL | H3: Components 元件
A4: SF1 | B4: Cell guard stop | C4: 工作站防護停止 | D4: north + south door (guard locking) and 9 × OS32C → safety PLC → SafeStop cat. 1 of R1, R2, R3, S1, S2 (OmniCore SafeMove), all conveyor / lane / belt drives STO | E4: 北側＋南側門（防護鎖）與 9 台 OS32C → 安全 PLC → R1、R2、R3、S1、S2 SafeStop cat. 1（OmniCore SafeMove），所有輸送／通道／輸送帶驅動 STO | F4: d | G4: d | H4: Omron NX-SL safety PLC, D4SL-N, OS32C, ABB SafeMove, MDR controllers with STO
A5: SF2 | B5: SafeMove zones and tool speed | C5: SafeMove 區域與工具速度 | D5: Safe Zone per robot (R1 ring interior + port heads; R2 / R3 picking area; S1 / S2 belt + own lane heads), Tool Speed Supervision 2.5 / 2.2 / 2.5 m/s automatic, 250 mm/s T1 | E5: 每台機器人 Safe Zone（R1 圓環內部＋埠口輸送頭；R2／R3 揀貨區；S1／S2 輸送帶＋自身通道端），自動時工具速度監視 2.5／2.2／2.5 m/s，T1 250 mm/s | F5: d | G5: d | H5: ABB SafeMove (OmniCore)
A6: SF3 | B6: Guard locking of the cell doors | C6: 工作站門防護鎖 | D6: D4SL-N unlocked only with SafeMove Stand Still of all five robots and all drives in STO; escape release inside; personal padlock for ring entries | E6: D4SL-N 僅於五台機器人 SafeMove Stand Still 且所有驅動 STO 時解鎖；內側設逃生解鎖；進入圓環時個人掛鎖 | F6: d | G6: d | H6: D4SL-N, ABB SafeMove Stand Still, NX-SL
A7: SF4 | B7: Reset / restart prevention (ring interior) | C7: 復歸／防止重啟（圓環內部） | D7: reset at the south-door HMI only; refused while any scanner field — including the two on the R1 pedestal that watch the ring interior hidden behind the shelf — is occupied | E7: 僅於南門 HMI 復歸；任一掃描器防護區有人時拒絕 — 包含 R1 基座上監視被料架遮蔽之圓環內部的兩台 | F7: d | G7: d | H7: OS32C, NX-SL
A8: SF5 | B8: Emergency stop | C8: 緊急停止 | D8: 7 E-stop stations (both doors, restock station, put wall × 2, exception chute, south-west corner) → safety PLC → robots cat. 1, all drives STO | E8: 7 處緊急停止（兩扇門、補貨站、放置牆 × 2、例外滑槽、西南角）→ 安全 PLC → 機器人 cat. 1、所有驅動 STO | F8: d | G8: e | H8: A22E, NX-SL
A9: SF6 | B9: Restock tunnel curtain with muting | C9: 補貨隧道光幕與遮蔽 | D9: F3SG-PG multi-beam at the tunnel mouth, muted by two bin sensors only while a bin crosses (≤ 4 s, muting lamp); interruption otherwise → R1 cat. 1 + restock loop STO | E9: 隧道口 F3SG-PG 多光束光幕，僅於料箱通過時由兩個料箱感測器遮蔽（≤ 4 s，遮蔽指示燈）；其他時候遮斷 → R1 cat. 1＋補貨迴路 STO | F9: d | G9: d | H9: F3SG-PG, muting sensors, NX-SL
A10: SF7 | B10: Put-wall curtains and lane interlock | C10: 放置牆光幕與通道互鎖 | D10: F3SG-PG 30 mm per 4-lane block, muted only while a lane of that block moves a case; lane drive enabled only with SafeMove "sorter tool out of the lane zone"; interruption → S1 / S2 cat. 1 + lanes STO | E10: 每 4 條通道一組 F3SG-PG 30 mm 光幕，僅於該組通道移動訂單箱時遮蔽；僅於 SafeMove「分揀工具離開通道區」時致能通道驅動；遮斷 → S1／S2 cat. 1＋通道 STO | F10: d | G10: d | H10: F3SG-PG 30 mm, ABB SafeMove zone output, NX-SL, MDR STO
A12: Achieved PL = manufacturer rating of the device; the complete loop must be validated per ISO 13849-2. · 達成 PL 為元件額定值；完整迴路須依 ISO 13849-2 驗證。

Sheet High-risk Resolution 高風險處理
A1: Items HIGH after the first safeguarding pass — discussion and resolution · 首輪防護後仍為高風險之項目 — 討論與處理
A3: ID | B3: Finding (EN) | C3: 發現（繁中） | D3: Resolution adopted (EN) | E3: 採用之處理（繁中） | F3: Status 狀態
A4: H2 | B4: In the video the IRB 1200 pickers and the IRB 360 sorters stand next to open walkways with no visible guarding; the shelf robot is enclosed only by the shelf. | C4: 影片中 IRB 1200 揀貨機器人與 IRB 360 分揀機器人位於開放走道旁，未見防護；料架機器人僅由料架包圍。 | D4: The whole system is one guarded zone; the only material interfaces are the restock tunnel (multi-beam, muted), the 8 put-wall lanes (30 mm curtains, muted) and the covered exception chute — operators work only outside. | E4: 整個系統為單一防護區；唯一物料介面為補貨隧道（多光束、遮蔽）、8 條放置牆通道（30 mm 光幕、遮蔽）與有蓋例外滑槽 — 作業員僅於外部作業。 | F4: Resolved 已處理
A5: H1 | B5: First R1 tool: a horizontal fork on a sideways flange (side mode) put the wrist into the A5 = 0 singularity at mid levels — A4 / A6 turned about one revolution per bin move (A6 range 18 000° in 1 h). | C5: 初版 R1 工具：側向法蘭上之水平貨叉（側向模式）使手腕於中段層位進入 A5 = 0 奇異點 — 每次搬移料箱 A4／A6 約轉一圈（1 h 內 A6 範圍 18 000°）。 | D5: L-fork under a downward flange (mast 0.3 m, bin centre 0.55 m ahead of the TCP): A4 0°, A6 ±23°, A5 −2…126° over 4 × 1 h, all 8 levels in reach. | E5: 向下法蘭下之 L 形貨叉（立柱 0.3 m，料箱中心在 TCP 前 0.55 m）：4 × 1 h A4 0°、A6 ±23°、A5 −2…126°，8 層皆可達。 | F5: Resolved 已處理
A6: H1 | B6: Top level: with the first fork offset (0.45 m) the R1 wrist stood at the shelf face (r 2.0 m) and rose to the top ring beam (3.35 m). | C6: 最上層：初版貨叉偏移（0.45 m）時 R1 手腕位於料架面（r 2.0 m）並升至頂部環樑（3.35 m）。 | D6: Fork offset 0.55 m (wrist 0.1 m inside the face), top ring raised to 3.75 m: arm ≥ 0.02 m inside the shelf face outside the served column, 0 shelf contacts. | E6: 貨叉偏移 0.55 m（手腕在料架面內 0.1 m），頂部環樑升至 3.75 m：服務欄位外手臂於料架面內 ≥ 0.02 m，料架接觸 0 次。 | F6: Resolved 已處理
A7: H2 | B7: R2 / R3 stand between the bin stop (south) and the item belt (north): the straight moves passed over their own base (94 reach failures in the first 120 s). | C7: R2／R3 位於料箱停止位（南）與物品輸送帶（北）之間：直線移動越過自身基座（前 120 s 可達性失敗 94 次）。 | D7: Bases turned (A1 = 0 faces west), every bin ↔ belt move swings round the west side at r ≥ 0.6 m: 0 reach failures, R2 ↔ R3 ≥ 0.33 m. | E7: 基座轉向（A1 = 0 朝西），料箱 ↔ 輸送帶移動一律經西側 r ≥ 0.6 m 迴轉：可達性失敗 0 次，R2 ↔ R3 ≥ 0.33 m。 | F7: Resolved 已處理
A8: H2 | B8: S1 swung to its far put-wall lane on an arc of r 0.75 m: link 2 came within 0.016 m of the put-wall hood. | C8: S1 以 r 0.75 m 弧線擺向最遠放置牆通道：連桿 2 距放置牆罩 0.016 m。 | D8: Sorter arcs ≤ 0.62 m from the base: S1 / S2 ≥ 0.058 m from the hoods, S1 ↔ S2 ≥ 0.25 m. | E8: 分揀弧線距基座 ≤ 0.62 m：S1／S2 距罩 ≥ 0.058 m，S1 ↔ S2 ≥ 0.25 m。 | F8: Resolved 已處理
A9: H7 | B9: A multi-beam (whole-body) curtain at the put-wall tunnel mouths needs S = 1250 mm; only 970 mm are available to the sorter cup. | C9: 放置牆隧道口若用多光束（全身）光幕需 S = 1250 mm；至分揀吸盤僅有 970 mm。 | D9: Tunnel mouths limited to 0.37 × 0.30 m (no body access) and guarded by 30 mm hand-detection curtains: S = 528 mm ≤ 970 mm. | E9: 隧道口限制為 0.37 × 0.30 m（無法全身進入），以 30 mm 手部檢知光幕防護：S = 528 mm ≤ 970 mm。 | F9: Resolved 已處理
A10: H9 | B10: Cable audit: the side bar-code reader cable on the arch post passed 0.043 m from the carton carried by S1. | C10: 電纜稽核：條碼門架柱上側向讀取器電纜距 S1 搬運之紙箱 0.043 m。 | D10: Arch moved 0.2 m upstream (x 6.35 m): 0 cable runs / rises within 0.05 m of a tool or carried part, minimum 0.091 m. | E10: 門架上游移 0.2 m（x 6.35 m）：電纜水平段／上升段距工具或搬運件 0.05 m 內 0 處，最小 0.091 m。 | F10: Resolved 已處理
A11: H8 | B11: Bin routing: choosing the stop when a bin arrived at the decision point sent most bins to P1 while P2 was still clearing — R3 3 % busy, bins queued behind P1. | C11: 料箱路由：料箱抵達判斷點時即選擇停止位，P2 尚在清空時多數料箱送往 P1 — R3 稼動 3 %，料箱於 P1 後排隊。 | D11: Stop chosen when the bin can leave the decision point (P1 free): P2 unless a bin is already at / heading to it — R2 / R3 43 / 40 % busy, 0 bins moving under a gripper, no stall in 4 × 1 h. | E11: 於料箱可離開判斷點（P1 淨空）時選擇停止位：除非已有料箱在／前往 P2，否則送 P2 — R2／R3 稼動 43／40 %，夾爪下方料箱移動 0 次，4 × 1 h 無停滯。 | F11: Resolved 已處理
A12: H18 | B12: First electrical plan: one drive + one sensor per conveyor zone put 13 / 22 / 23 devices on the 12-port JBs JP1 / JP2 / JR1; the two scanners on the R1 pedestal had no cable carrier, then 10.3 / 11.9 m cordsets. | C12: 第一版電氣規劃：每一輸送區段一個驅動＋一個感測器使 12 埠之 JP1／JP2／JR1 分別連接 13／22／23 個元件；R1 基座上兩台掃描器無電纜載體，之後感測器電纜達 10.3／11.9 m。 | D12: Zone-controller cards (two MDR zones each) and bin sensors only at the decision points, a second restock JB (JR2), the R1 floor bridge continued round the pedestal and JC1 at the north fence beside the passage: 0 issues, 84 devices on 9 JBs, longest cordset 9.4 m. | E12: 區段控制卡（每卡兩個 MDR 區段）且料箱感測器僅設於判斷點，增設第二個補貨接線盒（JR2），R1 地面線槽延伸繞過基座並於北側圍籬通道旁設 JC1：0 項問題，9 個接線盒共 84 個元件，最長感測器電纜 9.4 m。 | F12: Resolved 已處理
A13: H2 | B13: RC2 south of the cell: R2 / R3 manipulator cables 30.4 / 31.9 m (> 30 m) and its service area in the south door swing; the north trunk had a 3.9 m unsupported span over the put-wall tunnels and JN1 / JN2 stood 0.8 m off the trunk. | C13: RC2 位於工作站南側：R2／R3 本體電纜 30.4／31.9 m（> 30 m）且其維修區位於南門迴轉範圍內；北側主線槽於放置牆隧道上方有 3.9 m 無支撐跨距，JN1／JN2 距主線槽 0.8 m。 | D13: RC2 moved north beside the cylinder passage (manipulator cables 6.2 / 7.7 / 11.0 / 15.4 m), 4 m ladder tray over the put-wall tunnels, JN1 / JN2 on the trunk 0.35 m along from the S1 / S2 bridge risers: robot ↔ installation ≥ 0.37 m. | E13: RC2 移至北側圓筒通道旁（本體電纜 6.2／7.7／11.0／15.4 m），放置牆隧道上方 4 m 梯式線槽，JN1／JN2 位於主線槽上距 S1／S2 地面線槽上升處 0.35 m：機器人與電氣設施 ≥ 0.37 m。 | F13: Resolved 已處理
A15: Result: No residual High. H1, H3, H5 and H15 remain Medium (catastrophic severity, remote probability) — inherent to a shelf robot and a 3.75 m storage ring, tolerable only with SF1–SF7 (PL d / e) implemented, verified and documented and the shelf designed / inspected per EN 15512 / EN 15635; H11 remains Low (manual handling, Moderate / Unlikely); all other hazards Low or Negligible. Electrical plan (RevA): every cabinet outside the guarded area with a clear service area (4 / 4), all cables on supported trays, ducts and floor bridges, none across a flow path or lane; H17, H18, H19 added (cable damage, installations in walkways and lanes, cabinets) — Low after the measures; 2 findings of the plan resolved and mirrored in the 3D layout. · 結果：無殘餘「高」風險。H1、H3、H5、H15 維持「中」（災難性嚴重度、極少機率）— 為料架機器人與 3.75 m 儲存圓環固有，僅在 SF1–SF7（PL d／e）已實施、驗證並文件化且料架依 EN 15512／EN 15635 設計與檢查時可容忍；H11 維持「低」（人工搬運，中度／不太可能）；其餘危害皆為「低」或「可忽略」。 電氣規劃（RevA）：所有電櫃位於防護區外並具淨空維修區（4 / 4），所有電纜敷設於有支撐之線槽、線管與地面線槽，不橫越物流路徑或車道；新增 H17, H18, H19（電纜損傷、走道與車道中之電氣設施、電櫃）— 採取措施後為「低」；規劃中發現 2 項問題已處理並納入 3D 佈局。

Sheet Standards & Verification 標準與驗證
A1: Applicable standards · 適用標準
A3: Standard 標準 | B3: Scope (EN) | C3: 範圍（繁中）
A4: ISO 12100:2010 | B4: Safety of machinery — risk assessment and risk reduction (3-step method) | C4: 機械安全 — 風險評估與風險降低（三步驟法）
A5: ISO/TR 14121-2 | B5: Risk assessment — practical guidance and examples (risk matrix used here) | C5: 風險評估 — 實務指引與範例（本文件採用之風險矩陣）
A6: ISO 10218-1 / -2 | B6: Industrial robots — robot and robot system / cell integration | C6: 工業機器人 — 機器人本體／機器人系統與工作站整合
A7: ISO 11161 | B7: Integrated manufacturing systems — zones, spans of control (bay zoning) | C7: 整合製造系統 — 區域劃分、控制範圍（棧板區分區）
A8: ISO 13849-1 / -2 | B8: Safety-related parts of control systems — PL, Category; validation | C8: 控制系統安全相關部分 — PL、Category；驗證
A9: IEC 60204-1 | B9: Electrical equipment of machines | C9: 機械電氣設備
A10: ISO 13850 | B10: Emergency stop function | C10: 緊急停止功能
A11: ISO 13855 | B11: Positioning of safeguards with respect to approach speeds (S = K·T + C) | C11: 依接近速度定位安全防護裝置（S = K·T + C）
A12: ISO 13857 | B12: Safety distances — reaching over / through openings | C12: 安全距離 — 跨越／穿過開口伸入
A13: ISO 14120 | B13: Guards — fixed and movable | C13: 防護裝置 — 固定式與可動式
A14: ISO 14119 | B14: Interlocking devices, guard locking | C14: 互鎖裝置、防護鎖
... A29: EN 12845 / NFPA 13 | B29: Automatic sprinkler systems (fire load of stored goods) | C29: 自動灑水系統（儲存貨物火載量）
A31: Verification & validation before release · 放行前驗證
A33: No. | B33: Check (EN) | C33: 檢查項目（繁中）
A34: 1 | B34: Digital layout (stations/logistics_application/verify.js, 4 × 1 h): 0 reach failures, 0 A1 wraps, R1 A4 0° / A6 ±23°, longest wait on a resource 8 s, longest time without a sorted carton 42 s; 0 images with a gripper in the 3D field of view, 0 bin moves under a gripper, 0 belt moves under a placing / picking gripper, 0 lane moves under a sorter; robot ↔ robot ≥ 0.25 m, robot ↔ fixed equipment ≥ 0.058 m, R1 0 shelf contacts, arm ≥ 0.02 m inside the shelf face outside the served column, carried bin 0 contacts with the port heads; cartons and bins conserved, no order over-sorted. | C34: 數位佈局（stations/logistics_application/verify.js，4 × 1 h）：可達性失敗 0、A1 繞轉 0、R1 A4 0°／A6 ±23°、資源最長等待 8 s、最長無分揀紙箱時間 42 s；夾爪位於 3D 視野時拍攝 0 次、夾爪下方料箱移動 0 次、放置／取件夾爪下方輸送帶移動 0 次、分揀機器人下方通道移動 0 次；機器人間 ≥ 0.25 m、機器人與固定設備 ≥ 0.058 m、R1 料架接觸 0 次、服務欄位外手臂於料架面內 ≥ 0.02 m、搬運料箱與埠口輸送頭接觸 0 次；紙箱與料箱守恆、無訂單超量分揀。
A35: 2 | B35: Safety functions SF1–SF7: PL verification per ISO 13849-2 (SISTEMA); functional test of every door, scanner field (coverage.py 100 % incl. the ring interior from the R1 pedestal), E-stop, both muting sequences (bin / case passing, interruption without), lane interlock; curtain distances measured against the ABB stopping data (ISO 13855: restock 1730 ≤ 1850 mm, put wall 528 ≤ 970 mm). | C35: 安全功能 SF1–SF7：依 ISO 13849-2（SISTEMA）驗證 PL；逐一功能測試各門、掃描器防護區（coverage.py 100 %，含 R1 基座監視之圓環內部）、緊急停止、兩種遮蔽順序（料箱／訂單箱通過、無通過時遮斷）、通道互鎖；以 ABB 停止資料量測光幕距離（ISO 13855：補貨 1730 ≤ 1850 mm、放置牆 528 ≤ 970 mm）。
A36: 3 | B36: Shelf: load test per level, anchor torque, plumb / level tolerances (EN 15620); fork bin-present sensor and back stops tested with a full bin on every level | C36: 料架：各層載重測試、地錨扭力、垂直／水平公差（EN 15620）；於每一層以滿載料箱測試貨叉料箱感測器與後擋
A37: 4 | B37: Robot stopping distances measured in reduced automatic and compared with the ABB data; vacuum hold on air loss tested with the heaviest carton | C37: 於降速自動下量測機器人停止距離並與 ABB 資料比較；以最重紙箱測試斷氣時真空保持
A38: 5 | B38: Electrical layout check in the digital layout (engine/tools/verify_electrical.js): 0 issues — every junction box, cabinet and robot on a routed tray, junction-box ports, cordsets ≤ 10 m on carriers, fill ≤ 40 %, service areas clear, spans ≤ 2.5 m / 6 m, no floor bridge or cordset across a flow path or lane; robot-to-installation clearance ≥ 0.3 m (measured 0.37 m) | C38: 數位佈局電氣檢查（engine/tools/verify_electrical.js）：0 項問題 — 所有接線盒、電櫃與機器人皆連接線槽路徑、接線盒埠數、感測器電纜 ≤ 10 m 且沿載體敷設、填充率 ≤ 40 %、維修區淨空、跨距 ≤ 2.5 m／6 m、無地面線槽或感測器電纜橫越物流路徑或車道；機器人與電氣設施間隙 ≥ 0.3 m（實測 0.37 m）
A39: 6 | B39: On site: IEC 60204-1 §18 tests (PE continuity, insulation resistance, voltage test, residual voltage); service areas free and marked; tray supports anchored and load-checked; tray clearance over every lane measured with the real vehicle and load | C39: 現場：IEC 60204-1 §18 測試（保護接地連續性、絕緣電阻、耐壓、殘餘電壓）；維修區淨空並標示；線槽支撐錨定並確認荷重；以實際車輛與貨物量測各車道上方線槽淨高
